Country;Region;Hemisphere;HappinessScore;HDI;GDP_PerCapita;Beer_PerCapita;Spirit_PerCapita;Wine_PerCapita;christianity_protestant;christianity_romancatholic;christianity_easternorthodox;christianity_anglican;christianity_other;christianity_all;judaism_orthodox;judaism_conservative;judaism_reform;judaism_other;judaism_all;islam_sunni;islam_shi’a;islam_ibadhi;islam_nationofislam;islam_alawite;islam_ahmadiyya;islam_other;islam_all;buddhism_mahayana;buddhism_theravada;buddhism_other;buddhism_all;zoroastrianism_all;hinduism_all;sikhism_all;shinto_all;baha’i_all;taoism_all;jainism_all;confucianism_all;syncretism_all;animism_all;noreligion_all;otherreligion_all;religion_all;population;protestant_percent;romancatholic_percent;easternorthodox_percent;anglican_percent;otherchristianity_percent;christianity_percent;orthodox_percent;conservative_percent;reform_percent;otherjudaism_percent;judaism_percent;sunni_percent;shi’a_percent;ibadhi_percent;nationofislam_percent;alawite_percent;ahmadiyya_percent;otherislam_percent;islam_percent;mahayana_percent;theravada_percent;otherbuddhism_percent;buddhism_percent;zoroastrianism_percent;hinduism_percent;sikhism_percent;shinto_percent;baha’i_percent;taoism_percent;jainism_percent;confucianism_percent;syncretism_percent;animism_percent;noreligion_percent;otherreligion_percent;religion_sumpercent;total_percent;dual_religion
Denmark;Western Europe;north;7.526;928;53.579;224;81;278;4481602;37964;799;0;6872;4527237;0;0;0;2153;2153;215000;7000;0;0;0;0;0;222000;0;0;4487;4487;0;206;0;0;349;0;0;0;0;619;560000;222583;5317051;5539634;0.809;0.0069;0.0001;0;0.0012;0.8172;0;0;0;0.0004;0.0004;0.0388;0.0013;0;0;0;0;0;0.0401;0;0;0.0008;0.0008;0;0;0;0;0.0001;0;0;0;0;0.0001;0.1011;0.0402;0.9598;1;0
Switzerland;Western Europe;north;7.509;943;79.866;185;100;280;2193742;3710000;78251;0;322000;6303993;0;0;0;17500;17500;0;0;0;0;0;0;322000;322000;0;0;25431;25431;0;24336;0;0;4037;0;0;0;0;0;1050000;77825;7747297;7825122;0.2803;0.4741;0.01;0;0.0411;0.8056;0;0;0;0.0022;0.0022;0;0;0;0;0;0;0.0411;0.0411;0;0;0.0032;0.0032;0;0.0031;0;0;0.0005;0;0;0;0;0;0.1342;0.0099;0.9901;0.9998;0
Iceland;Western Europe;north;7.501;933;60.53;233;61;78;275000;9647;709;0;4707;290063;0;0;0;0;0;0;0;0;0;0;0;1589;1589;0;0;1087;1087;0;0;0;0;396;0;0;0;0;1398;10309;11979;304842;316821;0.868;0.0304;0.0022;0;0.0149;0.9155;0;0;0;0;0;0;0;0;0;0;0;0.005;0.005;0;0;0.0034;0.0034;0;0;0;0;0.0012;0;0;0;0;0.0044;0.0325;0.0378;0.9622;0.9998;0
Norway;Western Europe;north;7.498;951;70.89;169;71;129;3939303;67342;0;0;97078;4103723;0;0;0;823;823;99500;0;0;0;0;0;0;99500;0;0;13450;13450;0;5203;1042;0;1017;0;0;0;0;0;540000;120324;4764758;4885082;0.8064;0.0138;0;0;0.0199;0.8401;0;0;0;0.0002;0.0002;0.0204;0;0;0;0;0;0;0.0204;0;0;0.0028;0.0028;0;0.0011;0.0002;0;0.0002;0;0;0;0;0;0.1105;0.0246;0.9754;1.0001;0
Finland;Western Europe;north;7.413;918;43.433;263;133;97;4199939;0;59002;0;0;4258941;0;0;0;1277;1277;0;0;0;0;0;0;24245;24245;0;0;4988;4988;0;0;0;0;1674;0;0;0;3991;0;890650;178142;5185766;5363908;0.783;0;0.011;0;0;0.794;0;0;0;0.0002;0.0002;0;0;0;0;0;0;0.0045;0.0045;0;0;0.0009;0.0009;0;0;0;0;0.0003;0;0;0;0.0007;0;0.166;0.0332;0.9668;0.9998;0
Canada;North America;north;7.404;922;42.349;240;122;100;7929127;14497030;785000;2722447;497500;26431104;68061;119107;51045;102091;340304;600000;70000;0;0;0;0;0;670000;0;0;670000;670000;6130;275000;275000;915;18945;3620;3320;2700;27000;70861;5670000;35101;34464899;34500000;0.2298;0.4202;0.0228;0.0789;0.0144;0.7661;0.002;0.0035;0.0015;0.003;0.0099;0.0174;0.002;0;0;0;0;0;0.0194;0;0;0.0194;0.0194;0.0002;0.008;0.008;0;0.0005;0.0001;0.0001;0.0001;0.0008;0.0021;0.1643;0.001;0.999;1;0
Netherlands;Western Europe;north;7.339;928;45.638;251;88;190;2824128;4485380;7988;8545;2300000;9626041;0;0;0;25700;25700;0;0;0;0;0;0;963526;963526;0;0;201012;201012;299;107151;13290;0;6678;0;0;0;6911;665;5648257;12992;16599530;16612522;0.17;0.27;0.0005;0.0005;0.1384;0.5794;0;0;0;0.0015;0.0015;0;0;0;0;0;0;0.058;0.058;0;0;0.0121;0.0121;0;0.0065;0.0008;0;0.0004;0;0;0;0.0004;0;0.34;0.0008;0.9992;0.9999;0
New Zealand;Australia and New Zealand;south;7.334;915;40.332;203;79;175;692769;673936;7827;752931;234094;2361557;0;0;0;4696;4696;0;0;0;0;0;0;48943;48943;0;0;91846;91846;0;86698;9922;0;7514;0;0;0;11480;31311;1711677;1846;4365644;4367490;0.1586;0.1543;0.0018;0.1724;0.0536;0.5407;0;0;0;0.0011;0.0011;0;0;0;0;0;0;0.0112;0.0112;0;0;0.021;0.021;0;0.0199;0.0023;0;0.0017;0;0;0;0.0026;0.0072;0.3919;0.0004;0.9996;1;0
Australia;Australia and New Zealand;south;7.313;938;49.897;261;72;212;2017577;4340077;616754;3338520;2837742;13150670;0;0;0;97335;97335;0;0;0;0;0;0;476290;476290;0;0;528977;528977;2450;180000;30000;0;15000;0;0;55000;70000;59000;6636435;98843;21301157;21400000;0.0943;0.2028;0.0288;0.156;0.1326;0.6145;0;0;0;0.0045;0.0045;0;0;0;0;0;0;0.0223;0.0223;0;0;0.0247;0.0247;0.0001;0.0084;0.0014;0;0.0007;0;0;0.0026;0.0033;0.0028;0.3101;0.0046;0.9954;1;0
Sweden;Western Europe;north;7.291;932;51.845;152;60;186;6377734;187580;120000;0;448500;7133814;0;0;0;19781;19781;562741;0;0;0;0;0;0;562741;0;0;0;0;0;0;0;0;0;0;0;0;0;0;1500643;162043;9216979;9379022;0.68;0.02;0.0128;0;0.0478;0.7606;0;0;0;0.0021;0.0021;0.06;0;0;0;0;0;0;0.06;0;0;0;0;0;0;0;0;0;0;0;0;0;0;0.16;0.0173;0.9827;1;0
Israel;Middle East and Northern Africa;north;7.267;902;37.181;63;69;9;0;101600;50800;0;0;152400;5517567;33439;22293;0;5573299;1371600;0;0;0;0;0;152400;1524000;0;0;0;0;0;0;0;0;0;0;0;0;0;0;343000;31795;7592699;7624494;0;0.0133;0.0067;0;0;0.02;0.7237;0.0044;0.0029;0;0.731;0.1799;0;0;0;0;0;0.02;0.1999;0;0;0;0;0;0;0;0;0;0;0;0;0;0;0.045;0.0042;0.9958;1.0001;0
Austria;Western Europe;north;7.119;906;44.731;279;75;191;503386;5369453;83897;0;167795;6124531;0;0;0;8298;8298;0;0;0;0;0;0;398571;398571;0;0;0;0;0;0;0;0;0;0;0;0;0;0;1293783;564588;7825183;8389771;0.06;0.64;0.01;0;0.02;0.73;0;0;0;0.001;0.001;0;0;0;0;0;0;0.0475;0.0475;0;0;0;0;0;0;0;0;0;0;0;0;0;0;0.1542;0.0673;0.9327;1;0
United States;North America;north;7.104;922;57.589;249;158;84;119755961;78397889;7036875;4847625;23072957;233111307;1051778;1747021;2436322;707127;5942248;2476980;337770;0;0;0;0;0;2814750;908236;0;2502000;3410236;1644887;1797698;406908;156375;482784;11768;83984;91591;803181;1773577;59422500;796206;311953794;312750000;0.3829;0.2507;0.0225;0.0155;0.0738;0.7454;0.0034;0.0056;0.0078;0.0023;0.019;0.0079;0.0011;0;0;0;0;0;0.009;0.0029;0;0.008;0.0109;0.0053;0.0057;0.0013;0.0005;0.0015;0;0.0003;0.0003;0.0026;0.0057;0.19;0.0025;0.9975;1;0
Costa Rica;Latin America and Caribbean;north;7.087;791;11.733;149;87;11;453444;3471000;0;1297;0;3925741;0;0;0;3800;3800;0;0;0;0;0;0;0;0;0;0;1200;1200;0;558;0;0;0;0;0;0;35000;1250;445000;37451;4412549;4450000;0.1019;0.78;0;0.0003;0;0.8822;0;0;0;0.0009;0.0009;0;0;0;0;0;0;0;0;0;0;0.0003;0.0003;0;0.0001;0;0;0;0;0;0;0.0079;0.0003;0.1;0.0084;0.9916;1.0001;0
Germany;Western Europe;north;6.994;934;42.233;346;117;175;25300000;25700000;1356203;29003;5442786;57827992;0;0;0;119000;119000;2900000;280000;0;0;500000;0;320000;4000000;0;0;245000;245000;0;97500;25000;0;10000;0;0;0;0;0;18790764;583720;81115256;81698976;0.3097;0.3146;0.0166;0.0004;0.0666;0.7078;0;0;0;0.0015;0.0015;0.0355;0.0034;0;0;0.0061;0;0.0039;0.049;0;0;0.003;0.003;0;0.0012;0.0003;0;0.0001;0;0;0;0;0;0.23;0.0071;0.9929;1;0
Brazil;Latin America and Caribbean;both;6.952;758;8.639;245;145;16;51122554;113690456;0;0;3500000;168313010;0;0;0;107000;107000;0;0;0;0;0;0;35167;35167;0;0;244000;244000;0;5675;0;155951;41630;0;0;0;42016;4387383;16214243;1209725;189546075;190755800;0.268;0.596;0;0;0.0183;0.8823;0;0;0;0.0006;0.0006;0;0;0;0;0;0;0.0002;0.0002;0;0;0.0013;0.0013;0;0;0;0.0008;0.0002;0;0;0;0.0002;0.023;0.085;0.0063;0.9937;0.9999;0
Belgium;Western Europe;north;6.929;915;41.261;295;84;212;108763;6797746;64823;11014;543819;7526165;0;0;0;30000;30000;489437;54381;0;0;0;0;0;543818;0;0;32629;32629;0;7500;3500;0;0;0;0;0;0;0;2088267;644516;10231879;10876395;0.01;0.625;0.006;0.001;0.05;0.692;0;0;0;0.0028;0.0028;0.045;0.005;0;0;0;0;0;0.05;0;0;0.003;0.003;0;0.0007;0.0003;0;0;0;0;0;0;0;0.192;0.0593;0.9407;1.0001;0
Ireland;Western Europe;north;6.907;934;64.1;313;118;165;31442;3861335;14205;134325;109000;4150307;0;0;0;1984;1984;0;0;0;0;0;0;25700;25700;0;0;781;781;0;0;0;0;1549;0;0;0;0;0;269811;12855;4450132;4462987;0.007;0.8652;0.0032;0.0301;0.0244;0.9299;0;0;0;0.0004;0.0004;0;0;0;0;0;0;0.0058;0.0058;0;0;0.0002;0.0002;0;0;0;0;0.0003;0;0;0;0;0;0.0605;0.0029;0.9971;1;0
Luxembourg;Western Europe;north;6.871;904;100.739;236;133;271;8500;445137;2500;0;4500;460637;0;0;0;600;600;9139;1000;0;0;0;0;0;10139;0;0;0;0;0;0;0;0;1593;0;0;0;0;0;25101;7768;498070;505838;0.0168;0.88;0.0049;0;0.0089;0.9106;0;0;0;0.0012;0.0012;0.0181;0.002;0;0;0;0;0;0.02;0;0;0;0;0;0;0;0;0.0031;0;0;0;0;0;0.0496;0.0154;0.9846;0.9999;0
Mexico;Latin America and Caribbean;north;6.778;772;8.444;238;68;5;15886801;92924489;0;0;0;108811290;0;0;0;67476;67476;0;0;0;0;0;0;3760;3760;0;0;0;0;0;0;0;0;0;0;0;0;35995;27839;3052509;337669;111998869;112336538;0.1414;0.8272;0;0;0;0.9686;0;0;0;0.0006;0.0006;0;0;0;0;0;0;0;0;0;0;0;0;0;0;0;0;0;0;0;0;0.0003;0.0002;0.0272;0.003;0.997;0.9999;0
Singapore;Southeastern Asia;north;6.739;930;55.243;60;12;11;266768;358229;4074;67166;234426;930663;0;0;0;300;300;0;0;0;0;0;0;727000;727000;0;0;1688506;1688506;0;258053;17564;0;6000;554426;0;0;320000;0;602421;7067;5104933;5112000;0.0522;0.0701;0.0008;0.0131;0.0459;0.1821;0;0;0;0.0001;0.0001;0;0;0;0;0;0;0.1422;0.1422;0;0;0.3303;0.3303;0;0.0505;0.0034;0;0.0012;0.1085;0;0;0.0626;0;0.1178;0.0014;0.9986;1.0001;0
United Kingdom;Western Europe;north;6.725;920;40.412;219;126;195;4525200;4409825;259348;19791400;9971500;38957273;0;0;0;263000;263000;2403000;297000;0;0;0;0;0;2700000;0;0;248827;248827;4105;817000;423000;0;5021;4144;20000;0;226063;81782;16275000;2181661;60025215;62206876;0.0727;0.0709;0.0042;0.3182;0.1603;0.6263;0;0;0;0.0042;0.0042;0.0386;0.0048;0;0;0;0;0;0.0434;0;0;0.004;0.004;0.0001;0.0131;0.0068;0;0.0001;0.0001;0.0003;0;0.0036;0.0013;0.2616;0.0351;0.9649;1;0
Chile;Latin America and Caribbean;south;6.705;842;13.961;130;124;172;1811913;12954191;341548;0;480000;15587652;0;0;0;20664;20664;0;0;0;0;0;0;4500;4500;0;0;2700;2700;0;0;0;0;0;0;0;0;2254;150000;1024644;285002;16792414;17077416;0.1061;0.7586;0.02;0;0.0281;0.9128;0;0;0;0.0012;0.0012;0;0;0;0;0;0;0.0003;0.0003;0;0;0.0002;0.0002;0;0;0;0;0;0;0;0;0.0001;0.0088;0.06;0.0167;0.9833;1.0001;0
Panama;Latin America and Caribbean;north;6.701;785;14.333;285;104;18;805444;3361450;0;0;0;4166894;0;0;0;6590;6590;0;0;0;0;0;0;13181;13181;0;0;16233;16233;0;593;148;0;24856;0;0;0;3106;0;0;23399;4231601;4255000;0.1893;0.79;0;0;0;0.9793;0;0;0;0.0015;0.0015;0;0;0;0;0;0;0.0031;0.0031;0;0;0.0038;0.0038;0;0.0001;0;0;0.0058;0;0;0;0.0007;0;0;0.0055;0.9945;0.9998;0
Argentina;Latin America and Caribbean;south;6.65;822;12.654;193;25;221;4039999;30299994;53703;7013;0;34400709;0;0;0;275000;275000;0;0;0;0;0;0;611000;611000;0;0;7236;7236;0;1967;385;0;4651;0;0;162;145;30206;4847999;220532;40179460;40399992;0.1;0.75;0.0013;0.0002;0;0.8515;0;0;0;0.0068;0.0068;0;0;0;0;0;0;0.0151;0.0151;0;0;0.0002;0.0002;0;0;0;0;0.0001;0;0;0;0;0.0007;0.12;0.0055;0.9945;0.9999;0
Czech Republic;Central and Eastern Europe;north;6.596;885;18.484;361;170;134;174855;2077857;0;0;0;2252712;0;0;0;7322;7322;0;0;0;0;0;0;1338;1338;0;0;0;0;0;0;0;0;0;0;0;0;0;0;7980000;293739;10241372;10535111;0.0166;0.1972;0;0;0;0.2138;0;0;0;0.0007;0.0007;0;0;0;0;0;0;0.0001;0.0001;0;0;0;0;0;0;0;0;0;0;0;0;0;0;0.7575;0.0279;0.9721;1;0
United Arab Emirates;Middle East and Northern Africa;north;6.573;862;38.518;16;135;5;0;185228;185228;0;75005;445461;0;0;0;0;0;3530371;677966;0;0;0;0;0;4208337;0;0;22000;22000;0;1387654;0;0;62367;0;0;0;0;0;85000;25831;6210819;6236650;0;0.0297;0.0297;0;0.012;0.0714;0;0;0;0;0;0.5661;0.1087;0;0;0;0;0;0.6748;0;0;0.0035;0.0035;0;0.2225;0;0;0.01;0;0;0;0;0;0.0136;0.0041;0.9959;0.9999;0
Uruguay;Latin America and Caribbean;south;6.545;802;15.298;115;35;220;369234;1580995;17021;710;778749;2746709;0;0;0;10070;10070;0;0;0;0;0;0;1015;1015;0;0;32;32;0;0;0;0;4061;0;0;0;0;16;577348;17428;3339251;3356679;0.11;0.471;0.0051;0.0002;0.232;0.8183;0;0;0;0.003;0.003;0;0;0;0;0;0;0.0003;0.0003;0;0;0;0;0;0;0;0;0.0012;0;0;0;0;0;0.172;0.0052;0.9948;1;0
Malta;Western Europe;north;6.488;875;24.771;149;100;120;4129;396394;119;991;0;401633;0;0;0;60;60;0;0;0;0;0;0;4122;4122;0;0;0;0;0;0;0;0;220;0;0;0;0;0;6200;676;412235;412911;0.01;0.96;0.0003;0.0024;0;0.9727;0;0;0;0.0001;0.0001;0;0;0;0;0;0;0.01;0.01;0;0;0;0;0;0;0;0;0.0005;0;0;0;0;0;0.015;0.0016;0.9984;0.9999;0
Colombia;Latin America and Caribbean;both;6.481;747;5.757;159;76;3;6944250;37961900;3022;1475;0;44910647;0;0;0;8095;8095;0;0;0;0;0;0;27740;27740;0;0;1619;1619;0;8095;0;0;47225;0;0;0;1295;405206;694425;190653;46104347;46295000;0.15;0.82;0.0001;0;0;0.9701;0;0;0;0.0002;0.0002;0;0;0;0;0;0;0.0006;0.0006;0;0;0;0;0;0.0002;0;0;0.001;0;0;0;0;0.0088;0.015;0.0041;0.9959;1;0
France;Western Europe;north;6.478;899;36.87;127;151;370;1254451;40456051;732642;14865;1565352;44023361;0;0;0;480000;480000;4500000;450000;0;0;0;0;0;4950000;0;0;650755;650755;0;51000;0;0;0;0;0;0;223292;115410;12008726;220016;62502544;62722560;0.02;0.645;0.0117;0.0002;0.025;0.7019;0;0;0;0.0077;0.0077;0.0717;0.0072;0;0;0;0;0;0.0789;0;0;0.0104;0.0104;0;0.0008;0;0;0;0;0;0;0.0036;0.0018;0.1915;0.0035;0.9965;1.0001;0
Thailand;Southeastern Asia;north;6.474;748;5.979;99;258;1;190694;172023;497;6781;34003;403998;0;0;0;200;200;6060012;673334;0;0;0;0;0;6733346;0;58580120;0;58580120;0;56000;19500;0;6300;0;0;77000;62000;475000;673334;246674;67086798;67333472;0.0028;0.0026;0;0.0001;0.0005;0.006;0;0;0;0;0;0.09;0.01;0;0;0;0;0;0.1;0;0.87;0;0.87;0;0.0008;0.0003;0;0.0001;0;0;0.0011;0.0009;0.0071;0.01;0.0037;0.9963;1;0
Qatar;Middle East and Northern Africa;north;6.375;855;59.324;1;42;7;6000;200000;20000;3000;16603;245603;0;0;0;0;0;628790;169943;0;0;0;0;0;798733;0;0;36603;36603;0;450000;0;0;0;0;0;0;0;0;30000;138496;1560939;1699435;0.0035;0.1177;0.0118;0.0018;0.0098;0.1445;0;0;0;0;0;0.37;0.1;0;0;0;0;0;0.47;0;0;0.0215;0.0215;0;0.2648;0;0;0;0;0;0;0;0;0.0177;0.0815;0.9185;1;0
Spain;Western Europe;north;6.361;889;26.617;284;157;112;1200000;35000000;0;0;921529;37121529;0;0;0;12000;12000;0;0;0;0;0;0;1400000;1400000;0;0;10200;10200;0;0;0;0;0;0;0;0;0;0;7372239;160528;45915968;46076496;0.026;0.7596;0;0;0.02;0.8056;0;0;0;0.0003;0.0003;0;0;0;0;0;0;0.0304;0.0304;0;0;0.0002;0.0002;0;0;0;0;0;0;0;0;0;0;0.16;0.0035;0.9965;1;0
Guatemala;Latin America and Caribbean;north;6.324;649;4.141;53;69;2;5529785;7603454;0;0;0;13133239;0;0;0;2000;2000;2000;0;0;0;0;0;0;2000;0;0;0;0;0;0;0;0;0;0;0;0;0;2800;635050;49374;13775089;13824463;0.4;0.55;0;0;0;0.95;0;0;0;0.0001;0.0001;0.0001;0;0;0;0;0;0;0.0001;0;0;0;0;0;0;0;0;0;0;0;0;0;0.0002;0.0459;0.0036;0.9964;0.9999;0
Suriname;Latin America and Caribbean;north;6.269;719;5.871;128;178;7;142632;129048;0;0;0;271680;0;0;0;290;290;0;0;0;0;0;0;110936;110936;0;0;0;0;0;155084;0;0;0;0;0;0;0;28000;0;10;565990;566000;0.252;0.228;0;0;0;0.48;0;0;0;0.0005;0.0005;0;0;0;0;0;0;0.196;0.196;0;0;0;0;0;0.274;0;0;0;0;0;0;0;0.0495;0;0;1;1;0
Bahrain;Middle East and Northern Africa;north;6.218;846;22.561;42;63;7;13767;32757;33917;13767;26777;120985;0;0;0;0;0;365037;741137;0;0;0;0;0;1106174;0;0;0;0;0;0;0;0;0;0;0;0;0;0;0;7412;1227159;1234571;0.0112;0.0265;0.0275;0.0112;0.0217;0.098;0;0;0;0;0;0.2957;0.6003;0;0;0;0;0;0.896;0;0;0;0;0;0;0;0;0;0;0;0;0;0;0;0.006;0.994;1;0
Trinidad and Tobago;Latin America and Caribbean;north;6.168;785;16.352;197;156;7;365100;285670;3500;75000;0;729270;0;0;0;0;0;0;0;0;0;0;0;65700;65700;0;0;0;0;0;240100;0;0;0;0;0;0;0;0;175640;94290;1210710;1305000;0.2798;0.2189;0.0027;0.0575;0;0.5588;0;0;0;0;0;0;0;0;0;0;0;0.0503;0.0503;0;0;0;0;0;0.184;0;0;0;0;0;0;0;0;0.1346;0.0723;0.9277;1;0
Venezuela;Latin America and Caribbean;north;6.084;766;15.692;333;100;3;4325100;23067200;0;0;0;27392300;0;0;0;16515;16515;0;0;0;0;0;0;29864;29864;0;0;12177;12177;0;0;0;0;10000;0;0;0;6113;53700;1267254;46077;28787923;28834000;0.15;0.8;0;0;0;0.95;0;0;0;0.0006;0.0006;0;0;0;0;0;0;0.001;0.001;0;0;0.0004;0.0004;0;0;0;0;0.0003;0;0;0;0.0002;0.0019;0.0439;0.0016;0.9984;0.9999;0
Slovakia;Central and Eastern Europe;north;6.078;853;16.53;196;293;116;473787;3370291;257764;0;0;4101842;0;0;0;2445;2445;0;0;0;0;0;0;521;521;0;0;0;0;0;0;0;0;1072;0;0;0;0;0;730349;597914;4836229;5434143;0.0872;0.6202;0.0474;0;0;0.7548;0;0;0;0.0004;0.0004;0;0;0;0;0;0;0.0001;0.0001;0;0;0;0;0;0;0;0;0.0002;0;0;0;0;0;0.1344;0.11;0.89;0.9999;0
El Salvador;Latin America and Caribbean;north;6.068;679;3.769;52;69;2;1990591;4219188;0;0;0;6209779;0;0;0;648;648;0;0;0;0;0;0;2027;2027;0;0;0;0;0;0;0;0;0;0;0;0;0;27500;800563;171771;7040517;7212288;0.276;0.585;0;0;0;0.861;0;0;0;0.0001;0.0001;0;0;0;0;0;0;0.0003;0.0003;0;0;0;0;0;0;0;0;0;0;0;0;0;0.0038;0.111;0.0238;0.9762;1;0
Nicaragua;Latin America and Caribbean;north;5.992;657;2.144;78;118;1;1350661;3798734;93149;0;0;5242544;0;0;0;0;0;0;0;0;0;0;0;1602;1602;0;0;0;0;0;0;0;0;0;0;0;0;0;0;523963;53706;5768109;5821815;0.232;0.6525;0.016;0;0;0.9005;0;0;0;0;0;0;0;0;0;0;0;0.0003;0.0003;0;0;0;0;0;0;0;0;0;0;0;0;0;0;0.09;0.0092;0.9908;1;0
Uzbekistan;Central and Eastern Europe;north;5.987;703;2.106;25;101;8;0;0;1126422;0;281605;1408027;0;0;0;4200;4200;25907724;281605;0;0;0;0;0;26189329;0;0;0;0;0;0;0;0;0;0;0;0;0;0;504000;55014;28105556;28160570;0;0;0.04;0;0.01;0.05;0;0;0;0.0001;0.0001;0.92;0.01;0;0;0;0;0;0.93;0;0;0;0;0;0;0;0;0;0;0;0;0;0;0.0179;0.002;0.998;1;0
Italy;Western Europe;north;5.977;878;30.669;85;42;237;0;47858795;0;0;160086;48018881;0;0;0;39000;39000;0;0;0;0;0;0;700000;700000;0;0;8831;8831;0;7923;24193;0;5123;0;0;0;46270;2117;11300000;330886;60152338;60483224;0;0.7913;0;0;0.0026;0.7939;0;0;0;0.0006;0.0006;0;0;0;0;0;0;0.0116;0.0116;0;0;0.0001;0.0001;0;0.0001;0.0004;0;0.0001;0;0;0;0.0008;0;0.1868;0.0055;0.9945;0.9999;0
Ecuador;Latin America and Caribbean;both;5.976;749;6.019;162;74;3;284183;12361961;0;0;184183;12830327;0;0;0;1000;1000;0;0;0;0;0;0;1500;1500;0;0;7460;7460;0;0;0;0;1720;0;0;0;0;35000;1207777;124367;14084784;14209151;0.02;0.87;0;0;0.013;0.903;0;0;0;0.0001;0.0001;0;0;0;0;0;0;0.0001;0.0001;0;0;0.0005;0.0005;0;0;0;0;0.0001;0;0;0;0;0.0025;0.085;0.0088;0.9912;1.0001;0
Belize;Latin America and Caribbean;north;5.956;709;4.96;263;114;8;80829;123010;0;14016;6117;223972;0;0;0;0;0;0;0;0;0;0;0;577;577;0;0;757;757;0;612;0;0;202;0;0;0;0;0;47511;30475;273631;304106;0.2658;0.4045;0;0.0461;0.0201;0.7365;0;0;0;0;0;0;0;0;0;0;0;0.0019;0.0019;0;0;0.0025;0.0025;0;0.002;0;0;0.0007;0;0;0;0;0;0.1562;0.1002;0.8998;1;0
Japan;Eastern Asia;noth;5.921;907;38.972;77;202;16;1307988;1072810;47680;47680;23840;2499998;0;0;0;1000;1000;0;0;0;0;0;0;195001;195001;0;0;88035713;88035713;0;23500;2000;108000000;15000;0;1500;120000;295000;12000;12107911;0;211308623;127451704;0.0103;0.0084;0.0004;0.0004;0.0002;0.0196;0;0;0;0;0;0;0;0;0;0;0;0.0015;0.0015;0;0;0.6907;0.6907;0;0.0002;0;0.8474;0.0001;0;0;0.0009;0.0023;0.0001;0.095;0;1.658;1.6578;1
Kazakhstan;Central and Eastern Europe;north;5.919;797;7.715;124;246;12;0;0;4731595;0;0;4731595;0;0;0;3300;3300;9189508;489475;0;0;0;0;0;9678983;0;0;0;0;0;0;0;0;0;0;0;0;0;0;1880000;21970;16293878;16315848;0;0;0.29;0;0;0.29;0;0;0;0.0002;0.0002;0.5632;0.03;0;0;0;0;0;0.5932;0;0;0;0;0;0;0;0;0;0;0;0;0;0;0.1152;0.0013;0.9987;0.9999;0
Moldova;Central and Eastern Europe;north;5.897;697;1.913;109;226;18;100000;95500;2730000;0;0;2925500;0;0;0;3900;3900;128238;0;0;0;0;0;0;128238;0;0;0;0;0;0;0;0;0;0;0;0;0;3562;500000;958;3561200;3562158;0.0281;0.0268;0.7664;0;0;0.8213;0;0;0;0.0011;0.0011;0.036;0;0;0;0;0;0;0.036;0;0;0;0;0;0;0;0;0;0;0;0;0;0.001;0.1404;0.0003;0.9997;1.0001;0
Russia;Central and Eastern Europe;north;5.856;815;8.748;247;326;73;2096758;1100798;102500000;0;0;105697556;0;0;0;194000;194000;16482000;0;0;0;0;0;0;16482000;0;0;0;0;0;0;0;0;0;0;0;0;0;0;20000000;26444;142373556;142400000;0.0147;0.0077;0.7198;0;0;0.7423;0;0;0;0.0014;0.0014;0.1157;0;0;0;0;0;0;0.1157;0;0;0;0;0;0;0;0;0;0;0;0;0;0;0.1404;0.0002;0.9998;1;0
Poland;Central and Eastern Europe;north;5.835;860;12.415;343;215;56;145600;33507000;505200;0;381829;34539629;0;0;0;1600;1600;0;0;0;0;0;0;5100;5100;0;0;1500;1500;0;0;0;0;0;0;0;0;0;0;3054633;580458;37602462;38182920;0.0038;0.8775;0.0132;0;0.01;0.9046;0;0;0;0;0;0;0;0;0;0;0;0.0001;0.0001;0;0;0;0;0;0;0;0;0;0;0;0;0;0;0.08;0.0152;0.9848;0.9999;0
South Korea;Eastern Asia;noth;5.835;900;27.105;140;16;9;8748356;5224935;0;0;0;13973291;0;0;0;101;101;0;0;0;0;0;0;71071;71071;0;0;11022677;11022677;0;0;0;29951;30459;0;0;329544;45688;511716;22199939;660563;48214437;48875000;0.179;0.1069;0;0;0;0.2859;0;0;0;0;0;0;0;0;0;0;0;0.0015;0.0015;0;0;0.2255;0.2255;0;0;0;0.0006;0.0006;0;0;0.0067;0.0009;0.0105;0.4542;0.0135;0.9865;0.9999;0
Bolivia;Latin America and Caribbean;south;5.822;689;3.117;167;41;8;1373600;8340600;4400;1500;0;9720100;0;0;0;350;350;0;0;0;0;0;0;1031;1031;0;0;3836;3836;0;0;0;0;0;0;0;0;773;162419;412492;11314;10301001;10312315;0.1332;0.8088;0.0004;0.0001;0;0.9426;0;0;0;0;0;0;0;0;0;0;0;0.0001;0.0001;0;0;0.0004;0.0004;0;0;0;0;0;0;0;0;0.0001;0.0158;0.04;0.0011;0.9989;1.0001;0
Lithuania;Central and Eastern Europe;north;5.813;855;14.913;343;244;56;27397;2564874;162836;0;0;2755107;0;0;0;6000;6000;2727;0;0;0;0;0;0;2727;0;0;0;0;0;0;0;0;0;0;0;0;0;0;505000;52198;3268834;3321032;0.0082;0.7723;0.049;0;0;0.8296;0;0;0;0.0018;0.0018;0.0008;0;0;0;0;0;0;0.0008;0;0;0;0;0;0;0;0;0;0;0;0;0;0;0.1521;0.0157;0.9843;1;0
Belarus;Central and Eastern Europe;north;5.802;805;5.023;142;373;42;111798;670788;4611671;0;0;5394257;0;0;0;12000;12000;0;0;0;0;0;0;19000;19000;0;0;0;0;0;0;0;0;0;0;0;0;0;0;3900595;164648;9325852;9490500;0.0118;0.0707;0.4859;0;0;0.5684;0;0;0;0.0013;0.0013;0;0;0;0;0;0;0.002;0.002;0;0;0;0;0;0;0;0;0;0;0;0;0;0;0.411;0.0173;0.9827;1;0
Slovenia;Central and Eastern Europe;north;5.768;894;21.65;270;51;276;20537;1314376;41074;0;0;1375987;0;0;0;205;205;61611;0;0;0;0;0;0;61611;0;0;0;0;0;0;0;0;0;0;0;0;0;0;492891;123020;1930694;2053714;0.01;0.64;0.02;0;0;0.67;0;0;0;0.0001;0.0001;0.03;0;0;0;0;0;0;0.03;0;0;0;0;0;0;0;0;0;0;0;0;0;0;0.24;0.0599;0.9401;1;0
Peru;Latin America and Caribbean;both;5.743;748;6.031;163;160;21;3675330;23904351;0;0;0;27579681;0;0;0;3000;3000;0;0;0;0;0;0;6000;6000;0;0;10200;10200;0;0;0;0;10000;0;0;0;0;50000;1176105;567660;28834986;29402646;0.125;0.813;0;0;0;0.938;0;0;0;0.0001;0.0001;0;0;0;0;0;0;0.0002;0.0002;0;0;0.0003;0.0003;0;0;0;0;0.0003;0;0;0;0;0.0017;0.04;0.0193;0.9807;0.9999;0
Turkmenistan;Central and Eastern Europe;north;5.658;705;6.389;19;71;32;0;0;505440;0;0;505440;0;0;0;700;700;4998243;0;0;0;0;0;0;4998243;0;0;722;722;0;0;0;0;1096;0;0;0;0;0;56160;53643;5562361;5616004;0;0;0.09;0;0;0.09;0;0;0;0.0001;0.0001;0.89;0;0;0;0;0;0;0.89;0;0;0.0001;0.0001;0;0;0;0;0.0002;0;0;0;0;0;0.01;0.0096;0.9904;1;0
Mauritius;Sub-Saharan Africa;north;5.648;788;9.682;98;31;18;26894;336666;35;2889;50000;416484;0;0;0;0;0;203522;18256;0;0;0;0;0;221778;0;0;2251;2251;0;622238;2817;0;668;0;0;0;3500;1200;9092;483;1280028;1280511;0.021;0.2629;0;0.0023;0.039;0.3252;0;0;0;0;0;0.1589;0.0143;0;0;0;0;0;0.1732;0;0;0.0018;0.0018;0;0.4859;0.0022;0;0.0005;0;0;0;0.0027;0.0009;0.0071;0.0004;0.9996;0.9999;0
Latvia;Central and Eastern Europe;north;5.56;844;14.07;281;216;62;787002;541646;438210;54;5457;1772369;0;0;0;6000;6000;320;0;0;0;0;0;0;320;0;0;167;167;0;205;0;0;45;0;0;0;0;0;450000;13712;2229106;2242818;0.3509;0.2415;0.1954;0;0.0024;0.7902;0;0;0;0.0027;0.0027;0.0001;0;0;0;0;0;0;0.0001;0;0;0.0001;0.0001;0;0.0001;0;0;0;0;0;0;0;0;0.2006;0.0061;0.9939;0.9999;0
Cyprus;Western Europe;north;5.546;867;23.541;192;154;113;0;14481;575000;4683;12510;606674;0;0;0;147;147;164999;0;0;0;0;0;0;164999;0;0;0;0;0;0;0;0;0;0;0;0;0;0;26056;16082;797876;813958;0;0.0178;0.7064;0.0058;0.0154;0.7453;0;0;0;0.0002;0.0002;0.2027;0;0;0;0;0;0;0.2027;0;0;0;0;0;0;0;0;0;0;0;0;0;0;0.032;0.0198;0.9802;1;0
Paraguay;Latin America and Caribbean;south;5.538;702;4.078;213;117;74;258212;5680657;0;6455;193659;6138983;0;0;0;3208;3208;0;0;0;0;0;0;3873;3873;0;0;14783;14783;0;0;0;0;5600;0;0;0;0;29405;193658;65782;6389510;6455292;0.04;0.88;0;0.001;0.03;0.951;0;0;0;0.0005;0.0005;0;0;0;0;0;0;0.0006;0.0006;0;0;0.0023;0.0023;0;0;0;0;0.0009;0;0;0;0;0.0046;0.03;0.0102;0.9898;1.0001;0
Romania;Central and Eastern Europe;north;5.528;807;9.532;297;122;167;1319965;978310;18601247;0;0;20899522;0;0;0;9500;9500;85000;0;0;0;0;0;0;85000;0;0;0;0;0;0;0;0;0;0;0;0;0;0;350000;89160;21344022;21433182;0.0616;0.0456;0.8679;0;0;0.9751;0;0;0;0.0004;0.0004;0.004;0;0;0;0;0;0;0.004;0;0;0;0;0;0;0;0;0;0;0;0;0;0;0.0163;0.0042;0.9958;1;0
Estonia;Central and Eastern Europe;north;5.517;868;17.737;224;194;59;149306;5510;220199;36;5090;380141;0;0;0;1700;1700;2000;0;0;0;0;0;0;2000;0;0;1401;1401;0;361;19;0;59;176;0;0;73;4902;925000;24142;1315832;1339974;0.1114;0.0041;0.1643;0;0.0038;0.2837;0;0;0;0.0013;0.0013;0.0015;0;0;0;0;0;0;0.0015;0;0;0.001;0.001;0;0.0003;0;0;0;0.0001;0;0;0.0001;0.0037;0.6903;0.018;0.982;1;0
Jamaica;Latin America and Caribbean;north;5.51;732;4.879;82;97;9;1736000;58000;0;75000;105000;1974000;0;0;0;531;531;0;0;0;0;0;0;1513;1513;0;0;322;322;0;15961;0;0;209;0;0;0;0;0;572000;304094;2564536;2868630;0.6052;0.0202;0;0.0261;0.0366;0.6881;0;0;0;0.0002;0.0002;0;0;0;0;0;0;0.0005;0.0005;0;0;0.0001;0.0001;0;0.0056;0;0;0.0001;0;0;0;0;0;0.1994;0.106;0.894;1;0
Croatia;Central and Eastern Europe;north;5.488;828;12.299;230;87;254;15129;3817311;196323;0;13382;4042145;0;0;0;553;553;65023;0;0;0;0;0;0;65023;0;0;0;0;0;0;0;0;0;0;0;0;0;0;250000;66440;4357721;4424161;0.0034;0.8628;0.0444;0;0.003;0.9137;0;0;0;0.0001;0.0001;0.0147;0;0;0;0;0;0;0.0147;0;0;0;0;0;0;0;0;0;0;0;0;0;0;0.0565;0.015;0.985;1;0
Turkey;Middle East and Northern Africa;north;5.389;787;10.863;51;22;7;64498;35747;87906;0;132126;320277;0;0;0;15000;15000;75699756;0;0;0;0;0;0;75699756;0;0;0;0;0;0;0;0;0;0;0;0;0;0;383938;368661;76418971;76787632;0.0008;0.0005;0.0011;0;0.0017;0.0042;0;0;0;0.0002;0.0002;0.9858;0;0;0;0;0;0;0.9858;0;0;0;0;0;0;0;0;0;0;0;0;0;0;0.005;0.0048;0.9952;1;0
Jordan;Middle East and Northern Africa;north;5.303;735;4.088;6;21;1;0;30560;134467;0;18336;183363;0;0;0;0;0;5806540;122242;0;0;0;0;0;5928782;0;0;0;0;0;0;0;0;0;0;0;0;0;0;0;3;6112145;6112148;0;0.005;0.022;0;0.003;0.03;0;0;0;0;0;0.95;0.02;0;0;0;0;0;0.97;0;0;0;0;0;0;0;0;0;0;0;0;0;0;0;0;1;1;0
Azerbaijan;Central and Eastern Europe;north;5.291;757;3.881;21;46;5;3200;0;215000;0;0;218200;0;0;0;8000;8000;1289285;7305949;0;0;0;0;0;8595234;0;0;0;0;0;0;0;0;0;0;0;0;0;0;175000;51181;8996434;9047615;0.0004;0;0.0238;0;0;0.0241;0;0;0;0.0009;0.0009;0.1425;0.8075;0;0;0;0;0;0.95;0;0;0;0;0;0;0;0;0;0;0;0;0;0;0.0193;0.0057;0.9943;1;0
Philippines;Southeastern Asia;north;5.279;696;2.951;71;186;1;7487470;76469863;0;145000;391112;84493445;0;0;0;300;300;4604898;460489;0;0;0;0;48384;5113771;0;0;105000;105000;0;0;0;0;157000;0;0;0;53000;1093786;858781;222895;91875083;92097978;0.0813;0.8303;0;0.0016;0.0042;0.9174;0;0;0;0;0;0.05;0.005;0;0;0;0;0.0005;0.0555;0;0;0.0011;0.0011;0;0;0;0;0.0017;0;0;0;0.0006;0.0119;0.0093;0.0024;0.9976;0.9999;0
China;Eastern Asia;noth;5.245;748;8.117;79;192;8;51116622;10761394;10317;0;16142091;78030424;0;0;0;2579;2579;0;0;0;0;0;0;33629356;33629356;0;0;169491958;169491958;0;18572;22699;0;0;4573592;0;0;564973194;53653442;437181638;3596818;1341577454;1345174272;0.038;0.008;0;0;0.012;0.058;0;0;0;0;0;0;0;0;0;0;0;0.025;0.025;0;0;0.126;0.126;0;0;0;0;0;0.0034;0;0;0.42;0.0399;0.325;0.0027;0.9973;1;0
Kyrgyzstan;Central and Eastern Europe;north;5.185;669;1.22;31;97;6;11000;0;429229;0;100000;540229;0;0;0;500;500;4131336;1200;0;0;0;0;0;4132536;0;0;0;0;0;0;0;0;0;0;0;0;0;0;268268;423839;4941533;5365372;0.0021;0;0.08;0;0.0186;0.1007;0;0;0;0.0001;0.0001;0.77;0.0002;0;0;0;0;0;0.7702;0;0;0;0;0;0;0;0;0;0;0;0;0;0;0.05;0.079;0.921;1;0
Bosnia and Herzegovina;Central and Eastern Europe;north;5.163;766;4.809;76;173;8;38237;573569;1376566;0;0;1988372;0;0;0;1019;1019;1720707;0;0;0;0;0;0;1720707;0;0;0;0;0;0;0;0;0;0;0;0;0;0;112000;1697;3822098;3823795;0.01;0.15;0.36;0;0;0.52;0;0;0;0.0003;0.0003;0.45;0;0;0;0;0;0;0.45;0;0;0;0;0;0;0;0;0;0;0;0;0;0;0.0293;0.0004;0.9996;1;0
Montenegro;Central and Eastern Europe;north;5.161;810;7.029;31;114;128;1200;21624;453696;0;1482;478002;0;0;0;0;0;0;0;0;0;0;0;120289;120289;0;0;119;119;0;0;0;0;0;0;0;0;0;0;28400;2707;626810;629517;0.0019;0.0344;0.7207;0;0.0024;0.7593;0;0;0;0;0;0;0;0;0;0;0;0.1911;0.1911;0;0;0.0002;0.0002;0;0;0;0;0;0;0;0;0;0;0.0451;0.0043;0.9957;1;0
Dominican Republic;Latin America and Caribbean;north;5.155;733;6.794;193;147;9;1493497;7168786;0;0;0;8662283;0;0;0;100;100;0;0;0;0;0;0;0;0;0;0;0;0;0;0;0;0;0;0;0;0;0;0;1194797;99468;9857180;9956648;0.15;0.72;0;0;0;0.87;0;0;0;0;0;0;0;0;0;0;0;0;0;0;0;0;0;0;0;0;0;0;0;0;0;0;0;0.12;0.01;0.99;1;0
Morocco;Middle East and Northern Africa;north;5.151;662;2.893;12;6;10;0;0;0;0;317760;317760;0;0;0;6000;6000;31426515;3500;0;0;0;0;0;31430015;0;0;0;0;0;0;0;0;0;0;0;0;0;0;0;22277;31753775;31776052;0;0;0;0;0.01;0.01;0;0;0;0.0002;0.0002;0.989;0.0001;0;0;0;0;0;0.9891;0;0;0;0;0;0;0;0;0;0;0;0;0;0;0;0.0007;0.9993;1;0
Hungary;Central and Eastern Europe;north;5.145;835;12.82;234;215;185;1799569;4677371;192155;0;0;6669095;0;0;0;10965;10965;0;0;0;0;0;0;4500;4500;0;0;0;0;0;0;0;0;0;0;0;0;0;0;2688805;526635;9373365;9900000;0.1818;0.4725;0.0194;0;0;0.6736;0;0;0;0.0011;0.0011;0;0;0;0;0;0;0.0005;0.0005;0;0;0;0;0;0;0;0;0;0;0;0;0;0;0.2716;0.0532;0.9468;1;0
Lebanon;Middle East and Northern Africa;north;5.129;753;8.257;20;55;31;28567;857010;489720;0;285670;1660967;0;0;0;0;0;1101870;1101870;0;0;0;0;0;2203740;0;0;75000;75000;0;0;0;0;0;0;0;0;0;0;122430;18863;4062137;4081000;0.007;0.21;0.12;0;0.07;0.407;0;0;0;0;0;0.27;0.27;0;0;0;0;0;0.54;0;0;0.0184;0.0184;0;0;0;0;0;0;0;0;0;0;0.03;0.0046;0.9954;1;0
Portugal;Western Europe;north;5.123;845;19.872;194;67;339;85140;8780066;63855;2693;191565;9123319;0;0;0;3192;3192;0;0;0;0;0;0;90987;90987;0;0;59598;59598;0;6386;426;0;1980;0;0;0;0;0;735901;620716;10021789;10642505;0.008;0.825;0.006;0.0003;0.018;0.8573;0;0;0;0.0003;0.0003;0;0;0;0;0;0;0.0085;0.0085;0;0;0.0056;0.0056;0;0.0006;0;0;0.0002;0;0;0;0;0;0.0691;0.0583;0.9417;0.9999;0
Macedonia;Central and Eastern Europe;north;5.121;756;4.834;106;27;86;5248;39363;1266197;0;0;1310808;0;0;0;0;0;703363;0;0;0;0;0;0;703363;0;0;0;0;0;0;0;0;0;0;0;0;0;0;39075;3371;2053246;2056617;0.0026;0.0191;0.6157;0;0;0.6374;0;0;0;0;0;0.342;0;0;0;0;0;0;0.342;0;0;0;0;0;0;0;0;0;0;0;0;0;0;0.019;0.0016;0.9984;1;0
Vietnam;Southeastern Asia;north;5.061;689;2.171;111;2;1;967098;7033441;0;3900;0;8004439;0;0;0;0;0;87918;5818;0;0;0;0;0;93736;10550162;32529668;0;43079830;0;50000;0;0;325000;0;0;0;820000;3516720;32002160;26139;87891885;87918024;0.011;0.08;0;0;0;0.091;0;0;0;0;0;0.001;0.0001;0;0;0;0;0;0.0011;0.12;0.37;0;0.49;0;0.0006;0;0;0.0037;0;0;0;0.0093;0.04;0.364;0.0003;0.9997;1;0
Tunisia;Middle East and Northern Africa;north;5.045;732;3.689;51;3;20;0;31646;0;0;5700;37346;0;0;0;1500;1500;10338017;105489;0;0;0;0;0;10443506;0;0;0;0;0;0;0;0;0;0;0;0;0;0;0;66645;10482352;10548997;0;0.003;0;0;0.0005;0.0035;0;0;0;0.0001;0.0001;0.98;0.01;0;0;0;0;0;0.99;0;0;0;0;0;0;0;0;0;0;0;0;0;0;0;0.0063;0.9937;0.9999;0
Greece;Western Europe;north;5.033;868;17.882;133;112;218;81979;50969;10550000;0;0;10682948;0;0;0;5648;5648;240000;32000;0;0;0;0;0;272000;0;0;0;0;0;0;0;0;0;0;0;0;0;0;295000;63692;11255596;11319288;0.0072;0.0045;0.932;0;0;0.9438;0;0;0;0.0005;0.0005;0.0212;0.0028;0;0;0;0;0;0.024;0;0;0;0;0;0;0;0;0;0;0;0;0;0;0.0261;0.0056;0.9944;1;0
Mongolia;Eastern Asia;noth;4.907;743;3.694;77;189;8;28833;654;3500;0;20183;53170;0;0;0;0;0;0;0;0;0;0;0;82380;82380;0;0;1455388;1455388;0;0;0;0;0;0;0;0;45000;250000;850000;10078;2735938;2746016;0.0105;0.0002;0.0013;0;0.0073;0.0194;0;0;0;0;0;0;0;0;0;0;0;0.03;0.03;0;0;0.53;0.53;0;0;0;0;0;0;0;0;0.0164;0.091;0.3095;0.0037;0.9963;1;0
Nigeria;Sub-Saharan Africa;north;4.875;530;2.176;42;5;2;18448759;16911362;37353;14941021;14387880;64726375;0;0;0;100;100;71349687;6934969;0;0;0;0;0;78284656;0;0;8229;8229;0;0;0;0;30000;0;0;0;4546;10302000;484129;270381;153840035;154110416;0.1197;0.1097;0.0002;0.097;0.0934;0.42;0;0;0;0;0;0.463;0.045;0;0;0;0;0;0.508;0;0;0.0001;0.0001;0;0;0;0;0.0002;0;0;0;0;0.0668;0.0031;0.0018;0.9982;1;0
Honduras;Latin America and Caribbean;north;4.871;614;2.375;69;98;2;2560652;4561162;0;0;0;7121814;0;0;0;397;397;397;0;0;0;0;0;0;397;0;0;0;0;0;0;0;0;0;0;0;0;0;0;800203;79228;7922811;8002039;0.32;0.57;0;0;0;0.89;0;0;0;0;0;0;0;0;0;0;0;0;0;0;0;0;0;0;0;0;0;0;0;0;0;0;0;0.1;0.0099;0.9901;0.9999;0
Zambia;Sub-Saharan Africa;south;4.795;586;1.263;32;19;4;3816303;4625587;13088;166452;2723069;11344499;0;0;0;1682;1682;65198;5926;0;0;0;0;0;71124;0;0;3912;3912;0;65198;0;0;145000;0;0;0;0;1367676;23431;17134;13022522;13039656;0.2927;0.3547;0.001;0.0128;0.2088;0.87;0;0;0;0.0001;0.0001;0.005;0.0005;0;0;0;0;0;0.0055;0;0;0.0003;0.0003;0;0.005;0;0;0.0111;0;0;0;0;0.1049;0.0018;0.0013;0.9987;1;0
Albania;Central and Eastern Europe;north;4.655;782;4.132;89;132;54;0;419535;223686;0;42000;685221;0;0;0;0;0;1917315;95865;0;0;0;0;0;2013180;0;0;0;0;0;0;0;0;7000;0;0;0;0;0;481586;8538;3186987;3195525;0;0.1313;0.07;0;0.0131;0.2144;0;0;0;0;0;0.6;0.03;0;0;0;0;0;0.63;0;0;0;0;0;0;0;0;0.0022;0;0;0;0;0;0.1507;0.0027;0.9973;1;0
Sierra Leone;Sub-Saharan Africa;north;4.635;413;481;25;3;2;487547;441898;0;79012;160789;1169246;0;0;0;0;0;3304455;92089;0;0;0;0;0;3396544;0;0;0;0;0;3000;0;0;4500;0;0;0;0;1457603;75086;33295;6105979;6139274;0.0794;0.072;0;0.0129;0.0262;0.1905;0;0;0;0;0;0.5382;0.015;0;0;0;0;0;0.5532;0;0;0;0;0;0.0005;0;0;0.0007;0;0;0;0;0.2374;0.0122;0.0054;0.9946;0.9999;1
Namibia;Sub-Saharan Africa;south;4.574;645;4.561;376;3;1;1049122;621785;0;0;195037;1865944;0;0;0;2466;2466;9500;700;0;0;0;0;0;10200;0;0;0;0;0;3500;0;0;2500;0;0;0;0;215000;41443;3711;2141053;2144764;0.4892;0.2899;0;0;0.0909;0.87;0;0;0;0.0011;0.0011;0.0044;0.0003;0;0;0;0;0;0.0048;0;0;0;0;0;0.0016;0;0;0.0012;0;0;0;0;0.1002;0.0193;0.0017;0.9983;0.9999;0
Cameroon;Sub-Saharan Africa;south;4.513;553;1.375;147;1;4;4684592;5183892;0;0;0;9868484;0;0;0;0;0;4265362;0;0;0;0;0;0;4265362;0;0;359;359;0;0;0;0;38200;0;0;0;765;5576888;145090;34816;19895148;19929964;0.2351;0.2601;0;0;0;0.4952;0;0;0;0;0;0.214;0;0;0;0;0;0;0.214;0;0;0;0;0;0;0;0;0.0019;0;0;0;0;0.2798;0.0073;0.0017;0.9983;0.9999;0
South Africa;Sub-Saharan Africa;south;4.459;696;5.28;225;76;81;12006000;3551568;30400;1900839;23000000;40488807;0;0;0;81536;81536;768950;76050;0;0;0;0;0;845000;0;0;159070;159070;0;750331;10605;0;21000;0;2001;20009;33515;3980000;3200000;430214;49591874;50022088;0.24;0.071;0.0006;0.038;0.4598;0.8094;0;0;0;0.0016;0.0016;0.0154;0.0015;0;0;0;0;0;0.0169;0;0;0.0032;0.0032;0;0.015;0.0002;0;0.0004;0;0;0.0004;0.0007;0.0796;0.064;0.0086;0.9914;1;0
Egypt;Middle East and Northern Africa;north;4.362;694;3.548;6;4;1;1219163;98000;8127756;0;406387;9851306;0;0;0;0;0;69898701;0;0;0;350000;0;0;70248701;0;0;0;0;0;0;0;0;0;0;0;0;0;0;812776;364777;80912783;81277560;0.015;0.0012;0.1;0;0.005;0.1212;0;0;0;0;0;0.86;0;0;0;0.0043;0;0;0.8643;0;0;0;0;0;0;0;0;0;0;0;0;0;0;0.01;0.0045;0.9955;1;0
Armenia;Central and Eastern Europe;north;4.36;749;3.606;21;179;11;0;0;3073754;0;12900;3086654;0;0;0;565;565;0;0;0;0;0;0;1000;1000;0;0;0;0;0;0;0;0;0;0;0;0;42195;0;112300;3067;3242714;3245781;0;0;0.947;0;0.004;0.951;0;0;0;0.0002;0.0002;0;0;0;0;0;0;0.0003;0.0003;0;0;0;0;0;0;0;0;0;0;0;0;0.013;0;0.0346;0.0009;0.9991;1;0
Kenya;Sub-Saharan Africa;both;4.356;585;1.463;58;22;2;12524979;11250000;401871;5130000;3095796;32402646;0;0;0;1300;1300;3988185;209904;0;0;0;0;0;4198090;0;0;1266;1266;804;175000;42500;0;250000;0;77561;0;1929;2859459;133500;43053;40144055;40187108;0.3117;0.2799;0.01;0.1277;0.077;0.8063;0;0;0;0;0;0.0992;0.0052;0;0;0;0;0;0.1045;0;0;0;0;0;0.0044;0.0011;0;0.0062;0;0.0019;0;0;0.0712;0.0033;0.0011;0.9989;1;0
Ukraine;Central and Eastern Europe;north;4.324;746;2.186;206;237;45;874104;184021;34826145;0;3312394;39196664;0;0;0;67000;67000;456000;0;0;0;0;0;0;456000;0;0;46005;46005;0;0;0;0;0;0;0;0;0;0;6200000;39807;45965669;46005476;0.019;0.004;0.757;0;0.072;0.852;0;0;0;0.0015;0.0015;0.0099;0;0;0;0;0;0;0.0099;0;0;0.001;0.001;0;0;0;0;0;0;0;0;0;0;0.1348;0.0009;0.9991;1.0001;0
Ghana;Sub-Saharan Africa;north;4.276;588;1.517;31;3;10;11000000;3143640;0;0;2735686;16879326;0;0;0;0;0;3667789;555726;0;0;0;0;0;4223515;0;0;0;0;0;0;0;0;0;0;0;0;0;1271854;1439835;182722;23814530;23997252;0.4584;0.131;0;0;0.114;0.7034;0;0;0;0;0;0.1528;0.0232;0;0;0;0;0;0.176;0;0;0;0;0;0;0;0;0;0;0;0;0;0.053;0.06;0.0076;0.9924;1;0
Dem. Rep. Congo;Sub-Saharan Africa;south;4.272;452;1.712;32;3;1;21716851;33932580;12600;678652;6786516;63127199;0;0;0;407;407;882247;0;0;0;0;0;0;882247;0;0;3841;3841;0;95000;0;0;200000;0;0;0;0;3200000;345000;11466;67853694;67865160;0.32;0.5;0.0002;0.01;0.1;0.9302;0;0;0;0;0;0.013;0;0;0;0;0;0;0.013;0;0;0.0001;0.0001;0;0.0014;0;0;0.0029;0;0;0;0;0.0472;0.0051;0.0002;0.9998;1.0001;0
Georgia;Central and Eastern Europe;north;4.252;776;3.866;52;100;149;60401;31977;3432208;0;28424;3553010;0;0;0;12000;12000;440787;0;0;0;0;0;0;440787;0;0;0;0;0;0;0;0;0;0;0;0;0;22261;390000;34336;4418058;4452394;0.0136;0.0072;0.7709;0;0.0064;0.798;0;0;0;0.0027;0.0027;0.099;0;0;0;0;0;0;0.099;0;0;0;0;0;0;0;0;0;0;0;0;0;0.005;0.0876;0.0077;0.9923;1;0
Rep. Congo;Sub-Saharan Africa;south;4.236;612;498;76;1;9;655027;1947994;645;0;625000;3228666;0;0;0;0;0;75200;2200;0;0;0;0;0;77400;0;0;172;172;0;0;0;0;25628;0;0;0;280;210000;295000;167160;3837146;4004306;0.1636;0.4865;0.0002;0;0.1561;0.8063;0;0;0;0;0;0.0188;0.0005;0;0;0;0;0;0.0193;0;0;0;0;0;0;0;0;0.0064;0;0;0;0.0001;0.0524;0.0737;0.0417;0.9583;0.9999;0
Senegal;Sub-Saharan Africa;north;4.219;499;953;9;1;7;21278;400067;0;0;0;421345;0;0;0;0;0;11221712;124357;0;0;0;0;0;11346069;0;0;1631;1631;0;0;0;0;23201;0;0;0;387;241681;20144;29640;12054458;12084098;0.0018;0.0331;0;0;0;0.0349;0;0;0;0;0;0.9286;0.0103;0;0;0;0;0;0.9389;0;0;0.0001;0.0001;0;0;0;0;0.0019;0;0;0;0;0.02;0.0017;0.0025;0.9975;1;0
Bulgaria;Central and Eastern Europe;north;4.217;810;7.469;231;252;94;42000;64119;6100000;0;0;6206119;0;0;0;2000;2000;920000;52000;0;0;0;0;0;972000;0;0;0;0;0;0;0;0;0;0;0;0;0;0;356674;6764;7536793;7543557;0.0056;0.0085;0.8086;0;0;0.8227;0;0;0;0.0003;0.0003;0.122;0.0069;0;0;0;0;0;0.1289;0;0;0;0;0;0;0;0;0;0;0;0;0;0;0.0473;0.0009;0.9991;1.0001;0
Zimbabwe;Sub-Saharan Africa;south;4.193;532;1.029;64;18;4;2396453;2305000;44732;564757;4650237;9961179;0;0;0;11326;11326;128311;2137;0;0;0;0;0;130448;0;0;182;182;0;18005;0;0;25200;0;0;0;389;1647295;311930;59339;12105955;12165294;0.197;0.1895;0.0037;0.0464;0.3823;0.8188;0;0;0;0.0009;0.0009;0.0105;0.0002;0;0;0;0;0;0.0107;0;0;0;0;0;0.0015;0;0;0.0021;0;0;0;0;0.1354;0.0256;0.0049;0.9951;0.9999;0
Malawi;Sub-Saharan Africa;south;4.156;474;300;8;11;1;4482817;3619442;4101;289214;2057026;10452600;0;0;0;278;278;2050581;60353;0;0;0;0;0;2110934;0;0;0;0;0;32970;771;0;35428;0;0;0;0;1733405;87882;6431;14454268;14460699;0.31;0.2503;0.0003;0.02;0.1422;0.7228;0;0;0;0;0;0.1418;0.0042;0;0;0;0;0;0.146;0;0;0;0;0;0.0023;0.0001;0;0.0024;0;0;0;0;0.1199;0.0061;0.0004;0.9996;1;0
Gabon;Sub-Saharan Africa;south;4.121;698;7.079;347;98;59;198200;631887;0;0;217665;1047752;0;0;0;0;0;203321;7011;0;0;0;0;0;210332;0;0;0;0;0;0;0;0;564;0;0;0;0;117561;22500;3505;1398709;1402214;0.1413;0.4506;0;0;0.1552;0.7472;0;0;0;0;0;0.145;0.005;0;0;0;0;0;0.15;0;0;0;0;0;0;0;0;0.0004;0;0;0;0;0.0838;0.016;0.0025;0.9975;0.9999;0
Mali;Sub-Saharan Africa;north;4.073;421;780;5;1;1;92809;314259;0;0;0;407068;0;0;0;0;0;12619133;135689;0;0;0;0;0;12754822;0;0;0;0;0;0;0;0;750;0;0;0;0;379930;25200;1191;13567770;13568961;0.0068;0.0232;0;0;0;0.03;0;0;0;0;0;0.93;0.01;0;0;0;0;0;0.94;0;0;0;0;0;0;0;0;0.0001;0;0;0;0;0.028;0.0019;0.0001;0.9999;1.0001;0
Haiti;Latin America and Caribbean;north;4.028;496;735;1;326;1;976083;7027799;0;0;0;8003882;0;0;0;120;120;0;0;0;0;0;0;1750;1750;0;0;0;0;0;0;0;0;8527;0;0;0;4392374;0;976083;0;13382736;9760832;0.1;0.72;0;0;0;0.82;0;0;0;0;0;0;0;0;0;0;0;0.0002;0.0002;0;0;0;0;0;0;0;0;0.0009;0;0;0;0.45;0;0.1;0;1.3711;1.3711;1
Botswana;Sub-Saharan Africa;south;3.974;712;6.954;173;35;35;235097;100308;80;0;915314;1250799;0;0;0;0;0;47053;2476;0;0;0;0;0;49529;0;0;1009;1009;0;2494;217;0;3450;0;0;0;100;425000;45000;29917;1777598;1807515;0.1301;0.0555;0;0;0.5064;0.692;0;0;0;0;0;0.026;0.0014;0;0;0;0;0;0.0274;0;0;0.0006;0.0006;0;0.0014;0.0001;0;0.0019;0;0;0;0.0001;0.2351;0.0249;0.0166;0.9834;1.0001;0
Comoros;Sub-Saharan Africa;south;3.956;502;775;1;3;1;0;850;0;0;0;850;0;0;0;0;0;0;666746;0;0;0;0;0;666746;0;0;0;0;0;0;0;0;599;0;0;0;0;9975;1658;133;679828;679961;0;0.0013;0;0;0;0.0013;0;0;0;0;0;0;0.9806;0;0;0;0;0;0.9806;0;0;0;0;0;0;0;0;0.0009;0;0;0;0;0.0147;0.0024;0.0002;0.9998;1.0001;0
Cote d'Ivoire;Sub-Saharan Africa;north;3.916;486;1.535;37;1;7;1517432;5930196;50028;0;531680;8029336;0;0;0;0;0;7868751;80293;0;0;0;0;80293;8029337;0;0;10706;10706;0;1713;0;0;32974;0;0;0;0;5138776;124000;44726;21366842;21411568;0.0709;0.277;0.0023;0;0.0248;0.375;0;0;0;0;0;0.3675;0.0037;0;0;0;0;0.0037;0.375;0;0;0.0005;0.0005;0;0.0001;0;0;0.0015;0;0;0;0;0.24;0.0058;0.0021;0.9979;1;0
Cambodia;Southeastern Asia;north;3.907;576;1.27;57;65;1;25047;8202;0;96;23854;57199;0;0;0;0;0;274289;19427;0;0;0;0;0;293716;47098;14754892;0;14801990;0;0;0;0;0;0;0;0;0;39996;59995;55260;15252896;15308156;0.0016;0.0005;0;0;0.0016;0.0037;0;0;0;0;0;0.0179;0.0013;0;0;0;0;0;0.0192;0.0031;0.9639;0;0.9669;0;0;0;0;0;0;0;0;0;0.0026;0.0039;0.0036;0.9964;0.9999;0
Angola;Sub-Saharan Africa;south;3.866;577;3.309;217;57;45;4396260;11850789;0;37800;750000;17034849;0;0;0;0;0;0;0;0;0;0;0;198750;198750;0;0;1634;1634;0;0;0;0;2064;0;0;0;162;1450000;342000;84717;19029459;19114176;0.23;0.62;0;0.002;0.0392;0.8912;0;0;0;0;0;0;0;0;0;0;0;0.0104;0.0104;0;0;0.0001;0.0001;0;0;0;0;0.0001;0;0;0;0;0.0759;0.0179;0.0044;0.9956;1;0
Niger;Sub-Saharan Africa;north;3.856;351;368;3;2;1;113153;231233;0;0;240162;584548;0;0;0;0;0;13714412;0;0;0;0;0;0;13714412;0;0;0;0;0;0;3582;0;4500;0;0;0;0;605000;15200;61187;14927242;14988429;0.0075;0.0154;0;0;0.016;0.039;0;0;0;0;0;0.915;0;0;0;0;0;0;0.915;0;0;0;0;0;0;0.0002;0;0.0003;0;0;0;0;0.0404;0.001;0.0041;0.9959;1;0
Chad;Sub-Saharan Africa;north;3.763;405;651;15;1;1;1558219;1682398;0;0;668853;3909470;0;0;0;0;0;6209287;137945;0;0;0;0;0;6347232;0;0;1771;1771;0;0;0;0;22955;0;0;0;3771;1150730;28900;34254;11464829;11499083;0.1355;0.1463;0;0;0.0582;0.34;0;0;0;0;0;0.54;0.012;0;0;0;0;0;0.552;0;0;0.0002;0.0002;0;0;0;0;0.002;0;0;0;0.0003;0.1001;0.0025;0.003;0.997;1.0001;0
Burkina Faso;Sub-Saharan Africa;north;3.739;420;614;25;7;7;779198;3740152;0;0;55000;4574351;0;0;0;0;0;8882862;140256;0;0;0;0;0;9023117;0;0;0;0;0;0;0;0;1950;0;0;0;0;1901244;78188;5118;15578850;15583968;0.05;0.24;0;0;0.0035;0.2935;0;0;0;0;0;0.57;0.009;0;0;0;0;0;0.579;0;0;0;0;0;0;0;0;0.0001;0;0;0;0;0.122;0.005;0.0003;0.9997;0.9999;0
Madagascar;Sub-Saharan Africa;south;3.695;517;402;26;15;4;4103362;5490037;0;1061707;1376675;12031782;0;0;0;308;308;1068176;55457;0;0;0;0;0;1123633;0;0;5135;5135;0;11912;0;0;15200;0;0;0;17200;7205000;125000;3610;20535170;20538780;0.1998;0.2673;0;0.0517;0.067;0.5858;0;0;0;0;0;0.052;0.0027;0;0;0;0;0;0.0547;0;0;0.0003;0.0003;0;0.0006;0;0;0.0007;0;0;0;0.0008;0.3508;0.0061;0.0002;0.9998;1;0
Tanzania;Sub-Saharan Africa;south;3.666;533;878;36;6;1;5939526;9448823;9676;3146249;2030228;20574501;0;0;0;0;0;13736844;1768358;0;0;0;0;0;15505201;0;0;9777;9777;130;322500;12921;0;125000;0;9432;0;22784;5895000;385000;207757;42862247;43070004;0.1379;0.2194;0.0002;0.073;0.0471;0.4777;0;0;0;0;0;0.3189;0.0411;0;0;0;0;0;0.36;0;0;0.0002;0.0002;0;0.0075;0.0003;0;0.0029;0;0.0002;0;0.0005;0.1369;0.0089;0.0048;0.9952;0.9999;0
Liberia;Sub-Saharan Africa;north;3.622;432;455;19;152;2;1182650;397491;0;98486;1863613;3542240;0;0;0;0;0;458824;10094;0;0;0;0;0;468918;0;0;0;0;0;0;0;0;4167;0;0;0;0;110000;41673;346;4166998;4167344;0.2838;0.0954;0;0.0236;0.4472;0.85;0;0;0;0;0;0.1101;0.0024;0;0;0;0;0;0.1125;0;0;0;0;0;0;0;0;0.001;0;0;0;0;0.0264;0.01;0.0001;0.9999;1;0
Benin;Sub-Saharan Africa;north;3.484;512;789;34;4;13;735000;2145000;8906;3488;622000;3514394;0;0;0;0;0;2304686;21029;0;0;0;0;0;2325715;0;0;0;0;0;0;0;0;2458;0;0;0;0;2495000;293352;155077;8630919;8785996;0.0837;0.2441;0.001;0.0004;0.0708;0.4;0;0;0;0;0;0.2623;0.0024;0;0;0;0;0;0.2647;0;0;0;0;0;0;0;0;0.0003;0;0;0;0;0.284;0.0334;0.0177;0.9823;1.0001;0
Togo;Sub-Saharan Africa;north;3.303;500;577;36;2;19;582752;1631708;0;0;582752;2797212;0;0;0;0;0;815854;0;0;0;0;0;0;815854;0;0;0;0;0;0;0;0;25000;0;0;0;0;2156185;14365;18913;5808616;5827529;0.1;0.28;0;0;0.1;0.48;0;0;0;0;0;0.14;0;0;0;0;0;0;0.14;0;0;0;0;0;0;0;0;0.0043;0;0;0;0;0.37;0.0025;0.0032;0.9968;1;0
Syria;Middle East and Northern Africa;north;3.069;536;2.058;5;35;16;72993;378443;1079535;0;0;1530971;0;0;0;0;0;15113492;0;0;0;3258974;0;0;18372466;0;0;0;0;0;0;0;0;0;0;0;0;0;0;297589;167562;20201026;20368588;0.0036;0.0186;0.053;0;0;0.0752;0;0;0;0;0;0.742;0;0;0;0.16;0;0;0.902;0;0;0;0;0;0;0;0;0;0;0;0;0;0;0.0146;0.0082;0.9918;1;0
